"Demon Edge","Secret shop","2400","","","One of the oldest weapons forged by the Demon-Smith Abzidian, it killed its maker when he tested its edge.","","+ 46 Damage","demon_edge","0",""
"Quarterstaff","Armaments","875","","","A basic staff that allows you to strike quickly.","","+ 10 Damage\n+ 10 Attack Speed","quarterstaff","0",""
"Magic Stick","Arcane","200","13","","A simple wand used to channel magic energies, it is favored by apprentice wizards and great warlocks alike.","Active: Energy Charge - Instantly restores health and mana based on the number of charges stored. Gains a charge (max 10) whenever a nearby visible enemy uses an ability.","HEALTH/MANA PER CHARGE: 15","magic_stick","0",""
"Stout Shield","Armaments","200","","","One man's wine barrel bottom is another man's shield.","Passive: Damage Block - Gives a chance to block damage based on whether the equipped hero is melee or ranged.","MELEE DAMAGE BLOCK: 16\nRANGED DAMAGE BLOCK: 8\nBLOCK CHANCE: 50%","stout_shield","0",""
"Town Portal Scroll","Consumables","50","70","75","","Use: Teleport - Teleports you to a target friendly building. Double-click to teleport to your team's base fountain.","","tpscroll","0",""
"Platemail","Secret shop","1400","","","Thick metal plates that protect the entire upper body. Avoid dropping on feet.","","+ 10 Armor","platemail","0",""
"Claymore","Armaments","1400","","","A sword that can cut through armor, it's a commonly chosen first weapon for budding swordsmen.","","+ 21 Damage","claymore","0",""
"Cloak","Arcane","550","","","A cloak made of a magical material that works to dispel any magic cast on it.","","+ 15% Spell Resistance","cloak","0",""
"Eye of Skadi","Artifacts","5675","","","Extremely rare artifact, guarded by the azure dragons.","Passive: Cold Attack - Each attack slows the movement and attack speed of the target. The duration of the slow is based on whether the equipped hero is melee or ranged.\n\nEye of Skadi is a Unique Attack Modifier, and does not stack with other Unique Attack Modifiers.  Eye of Skadi can be combined with Lifesteal Attack Modifiers.","+ 25 All Attributes\n+ 225 Health\n+ 250 Mana\nCOLD MOVE SLOW: 35%\nCOLD ATTACK SLOW: 45\nCOLD MELEE DURATION: 5\nCOLD RANGED DURATION: 2.5","skadi","4","ultimate_orb","ultimate_orb","point_booster","orb_of_venom"
"Desolator","Artifacts","3500","","","A wicked weapon, used in torturing political criminals.","Passive: Corruption - Your attacks reduce target's armor for 15 seconds.\n\nDesolator is a Unique Attack Modifier, and does not stack with other Unique Attack Modifiers.","+ 50 Damage\nARMOR REDUCTION: 7","desolator","3","mithril_hammer","mithril_hammer","blight_stone"
"Ring of Regen","Arcane","325","","","This ring is considered a good luck charm among the Gnomes.","","+ 2 HP Regeneration","ring_of_regen","0",""
"Ring of Protection","Armaments","175","","","A glimmering ring that defends its bearer.","","+ 2 Armor","ring_of_protection","0",""
"Battle Fury","Weapons","4500","4","","The bearer of this mighty axe gains the ability to cut down swaths of enemies at once.","Active: Chop Tree/Ward - Destroy a target tree or ward. Chop cast range is increased when targetting wards.\nPassive: Quell - Increases attack damage against non-hero units, based on whether the equipped hero is ranged or melee. Does not provide bonus damage against Roshan.\nPassive: Cleave - Deals a percent of attack damage in a 280 area around the target. Ranged units cannot Cleave.","+ 55 Damage\n+ 6 HP Regeneration\n+ 150% Mana Regeneration\nCLEAVE DAMAGE: 35%\nQUELL MELEE DAMAGE: 160%\nQUELL RANGED DAMAGE: 125%\nCHOP TREE CAST RANGE: 350\nCHOP WARD CAST RANGE: 450","bfury","4","broadsword","claymore","pers","quelling_blade"
"Ring of Aquila","Support","985","","","The ring of the fallen Warlord Aquila continues to support armies in battle.","Passive: Aquila Aura - Grants mana regeneration and armor in a 900 area of effect.\nActive: Toggle whether the aura affects other non-hero units.\n\nMultiple instances of Aquila Aura do not stack.","+ 10 Damage\n+ 3 Strength\n+ 9 Agility\n+ 3 Intelligence\nAURA MANA REGEN: 0.65\nAURA BONUS ARMOR: 2","ring_of_aquila","2","wraith_band","ring_of_basilius"
"Divine Rapier","Weapons","6200","","","So powerful, it cannot have a single owner.","Drops on death.  Becomes unusable if picked up by an ally of its owner until it is returned to its owner. It is immediately usable by anybody if an enemy of the owner picks it up. A dropped Rapier cannot be picked up by a courier.","+ 330 Damage","rapier","2","relic","demon_edge"
"Broadsword","Armaments","1200","","","The classic weapon of choice for knights, this blade is sturdy and reliable for slaying enemies.","","+ 18 Damage","broadsword","0",""
"Boots of Travel","Common","2400","45","75","Winged boots that grant omnipresence.","Active: Teleport - Teleports you to an allied non-hero unit or structure. Double-click to teleport to your team's base fountain. Upgradable to allow you to teleport to allied heroes.\n\nFlat movement speed bonuses from multiple pairs of boots do not stack.","+ 100 Movement Speed","travel_boots","2","recipe","boots"
"Mithril Hammer","Armaments","1600","","","A hammer forged of pure mithril.","","+ 24 Damage","mithril_hammer","0",""
"Enchanted Mango","Consumables","125","","","The bittersweet flavors of Jidi Isle are irresistible to amphibians.","Use: Consume the mango to instantly restore 150 mana.\n\nHold Control to use Enchanted Mango on an allied hero.","+ 1 HP Regeneration\nMANA RESTORED: 150","enchanted_mango","0",""
"Blades of Attack","Armaments","420","","","The damage of these small, concealable blades should not be underestimated.","","+ 9 Damage","blades_of_attack","0",""
"Medallion of Courage","Support","1175","7","","The bearer has no fear of combat.","Active: Valor - If cast on an ally, increases their armor while reducing the caster's. If cast on an enemy, reduces the armor of both the enemy and the caster. Cannot target magic immune enemies. Armor reduction is halved against Roshan.","+ 7 Armor\n+ 50% Mana Regeneration\nVALOR ARMOR REDUCTION: 7\nVALOR DURATION: 7\nVALOR CAST RANGE: 1000","medallion_of_courage","3","chainmail","sobi_mask","blight_stone"
"Ogre Club","Attributes","1000","","","You grow stronger just by holding it.","","+ 10 Strength","ogre_axe","0",""
"Gem of True Sight","Arcane","900","","","Not one thrall creature of the depths,Nor spirit bound in drowning's keep,Nor Maelrawn the Tentacular,Shall rest till seas, gem comes to sleep.","Passive: True Sight - Adds the ability to see invisible units and wards to any allied vision within its carrier's range.\nDropped on death, and cannot be destroyed.","TRUE SIGHT RADIUS: 900","gem","0",""
"Blade Mail","Armor","2200","18","25","A razor-sharp coat of mail, it is the choice of selfless martyrs in combat.","Active: Damage Return - Reflects any damage taken back to the unit that dealt the damage.  Lasts 4.5 seconds.","+ 22 Damage\n+ 6 Armor\n+ 10 Intelligence\nDAMAGE RETURN DURATION: 4.5","blade_mail","3","broadsword","chainmail","robe"
"Vitality Booster","Secret shop","1100","","","A ruby gemstone that has been passed down through generations of warrior kin.","","+ 250 Health","vitality_booster","0",""
"Gloves of Haste","Arcane","500","","","A pair of magical gloves that seems to render weapons weightless.","","+ 20 Attack Speed","gloves","0",""
"Observer Ward","Consumables","65","1","","A form of half-sentient plant, often cultivated by apprentice wizards.","Use: Plants an Observer Ward, an invisible watcher that gives vision of its surrounding area to your team. Lasts 6 minutes.\n\nHold Control to give one Observer Ward to an allied hero.","VISION RANGE: 1600\nDURATION (MINUTES): 6","ward_observer","0",""
"Helm of the Dominator","Artifacts","1800","60","75","The powerful headpiece of a dead necromancer.","Active: Dominate - Take control of a non-hero, non-ancient target unit and sets its movement speed to 350. If a dominated creep's base health is naturally below the health minimum, its base health will be raised to the health minimum.\nPassive: Lifesteal - Heals the attacker for a percentage of attack damage dealt.\n\nHelm of the Dominator is a Unique Attack Modifier, and does not stack with other Unique Attack Modifiers.","+ 20 Damage\n+ 5 Armor\n+ 3 HP Regeneration\nLIFESTEAL: 15%\nDOMINATED HEALTH MINIMUM: 1400\nCREEP MOVEMENT SPEED: 350","helm_of_the_dominator","2","lifesteal","helm_of_iron_will"
"Urn of Shadows","Support","875","7","","Contains the ashes of powerful demons.","Active: Soul Release - Heals health over time to friendly units, but deals pure damage over time to enemy units.  The healing effect is lost if the affected ally takes damage from an enemy hero or tower.\nGains charges every time an enemy hero dies within 1400 units.  Only the closest Urn to the dying hero will gain a charge.","+ 50% Mana Regeneration\n+ 6 Strength\nRELEASE ALLY TOTAL HEAL: 400\nRELEASE ENEMY TOTAL DAMAGE: 150\nSOUL RELEASE DURATION: 8\nSOUL RELEASE CAST RANGE: 950","urn_of_shadows","4","recipe","sobi_mask","gauntlets","gauntlets"
"Moon Shard","Common","4000","","","Said to be a tear from the lunar goddess Selemene.","Use: Consume the Moon Shard to permanently gain 60 attack speed. Does not stack.\nPassive: Shade Sight - Grants 250 bonus night vision.","+ 120 Attack Speed\nSHADE BONUS NIGHT VISION: 250\nCONSUME ATTACK SPEED: 60","moon_shard","2","hyperstone","hyperstone"
"Wind Lace","Arcane","235","","","","Passive: Gives increased movement speed.","+ 20 Movement Speed","wind_lace","0",""
"Monkey King Bar","Weapons","5400","","","A powerful staff used by a master warrior.","Passive: Mini-Bash - Grants each attack a chance to deal bonus damage and deal a mini-stun.\nPassive: True Strike - Prevents your attacks from missing. True Strike does not work when attacking enemy structures.","+ 66 Damage\n+ 15 Attack Speed\nMINI-BASH CHANCE: 35%\nMINI-BASH DAMAGE: 160","monkey_king_bar","3","demon_edge","javelin","javelin"
"Necronomicon","Caster","2650","95","50","Considered the ultimate in necromancy and demonology, a powerful malefic force is locked within its pages.","Active: Demonic Summoning - Summons a Warrior and an Archer to fight for you for 40 seconds, whose strength and abilities increase as Necronomicon is upgraded. Warrior gains True Sight at level 3. Upgradable.","+ 15/21/24 Intelligence\n+ 8/12/16 Strength\nWARRIOR HEALTH: 700/800/900\nWARRIOR DAMAGE: 45/60/75\nWARRIOR MANA BREAK: 25/50/75\nWARRIOR LAST WILL DMG: 550/675/800\nARCHER HEALTH: 700/800/900\nARCHER DAMAGE: 60/90/120\nARCHER MANA BURN: 125/175/225\nARCHER AURA SPEED: 5%/7%/9%","necronomicon","3","recipe","staff_of_wizardry","belt_of_strength"
"Boots of Speed","Arcane","400","","","Fleet footwear, increasing movement.","Flat movement speed bonuses from multiple pairs of boots do not stack.","+ 45 Movement Speed","boots","0",""
"Daedalus","Weapons","5520","","","A weapon of incredible power that is difficult for even the strongest of warriors to control.","Passive: Critical Strike - Grants each attack a chance to deal additional damage. Critical Strike does not work against buildings.","+ 81 Damage\nCRITICAL CHANCE: 30%\nCRITICAL DAMAGE: 220%","greater_crit","3","recipe","lesser_crit","demon_edge"
"Orchid Malevolence","Caster","4075","18","100","A garnet rod constructed from the essence of a fire demon.","Active: Soul Burn - Silences the target unit for 5.0 seconds. At the end of the silence, 30.0% of the damage received while silenced is inflicted as bonus magical damage.","+ 25 Intelligence\n+ 30 Attack Speed\n+ 30 Damage\n+ 150% Mana Regeneration\nSOUL BURN INCREASED DAMAGE: 30%\nSOUL BURN DURATION: 5","orchid","3","recipe","oblivion_staff","oblivion_staff"
"Iron Talon","Support","500","14","","","Active: Targets a non-player enemy unit to remove 40% of its current HP.\nPassive: Quell - Increases attack damage against non-hero units, based on whether the equipped hero is ranged or melee. Does not provide bonus damage against Roshan.","QUELL MELEE DAMAGE: 140%\nQUELL RANGED DAMAGE: 115%\nCAST RANGE: 350\nCAST RANGE ON WARDS: 450\n+ 2 Armor","iron_talon","3","recipe","quelling_blade","ring_of_protection"
"Point Booster","Secret shop","1200","","","A perfectly formed amethyst that nourishes body and mind when held.","","+ 175 Mana\n+ 175 Health","point_booster","0",""
"Reaver","Secret shop","3000","","","A massive axe capable of tearing whole mountains down.","","+ 25 Strength","reaver","0",""
"Eul's Scepter of Divinity","Caster","2735","23","175","A mysterious scepter passed down through the ages, its disruptive winds can be used for good or evil.","Active: Cyclone - Sweeps a target unit up into cyclone, making them invulnerable for 2.5 seconds. Cyclone can be cast on yourself. Enemy units take 50 magical damage upon landing.","+ 10 Intelligence\n+ 150% Mana Regeneration\n+ 40 Movement Speed\nCYCLONE DURATION: 2.5\nCYCLONE CAST RANGE: 575","cyclone","4","recipe","staff_of_wizardry","void_stone","wind_lace"
"Oblivion Staff","Common","1650","","","Deceptively hidden as an ordinary quarterstaff, it is actually very powerful, much like the Eldritch who originally possessed it.","","+ 6 Intelligence\n+ 10 Attack Speed\n+ 15 Damage\n+ 75% Mana Regeneration","oblivion_staff","3","quarterstaff","sobi_mask","robe"
"Tranquil Boots","Support","900","13","","While they increase the longevity of the wearer, this boot is not particularly reliable.","Passive: Break - Whenever you attack or are attacked, the health regeneration and 30 Movement Speed are lost for 13 seconds.","+ 85 Movement Speed\n+ 3 Armor\n+ 12 HP Regeneration","tranquil_boots","3","boots","ring_of_protection","ring_of_regen"
"Eaglesong","Secret shop","3200","","","Capturing the majestic call of an eagle, this mystical horn brings limitless dexterity to those who hear it.","","+ 25 Agility","eagle","0",""
"Manta Style","Armor","4950","45","125","An axe made of reflective materials that causes confusion amongst enemy ranks.","Active: Mirror Image - Creates 2 images of your hero that last 20 seconds. Melee heroes have a 30 second cooldown on this ability, while for Ranged heroes the cooldown is 45 seconds.\n\nMelee images deal 33% damage and take 350% damage, while Ranged images deal 28% and take 400% damage.\n\nYasha-based movement speed bonuses from multiple items do not stack.","+ 10 Strength\n+ 26 Agility\n+ 10 Intelligence\n+ 15 Attack Speed\n+ 10% Movement Speed\nNUMBER OF IMAGES: 2\nIMAGE DURATION: 20\nMELEE IMAGE DAMAGE: 33%\nMELEE IMAGE DAMAGE TAKEN: 350%\nRANGED IMAGE DAMAGE: 28%\nRANGED IMAGE DAMAGE TAKEN: 400%","manta","3","recipe","yasha","ultimate_orb"
"Drum of Endurance","Support","1785","30","","A relic that enchants the bodies of those around it for swifter movement in times of crisis.","Active: Endurance - Gives bonus +25 attack speed and +13% movement speed to allies in a 900 radius.\nPassive: Swiftness Aura - Gives bonus attack and movement speed to allies in a 900 radius.\n\nMultiple instances of Swiftness Aura do not stack.","+ 9 Intelligence\n+ 6 Strength\n+ 3 Agility\n+ 3 Damage\n+ 3 HP Regeneration\nAURA ATTACK SPEED: 5\nAURA MOVE SPEED: 5%\nENDURANCE ATTACK SPEED: 25\nENDURANCE MOVE SPEED: 13%\nENDURANCE DURATION: 6\nAURA/ENDURANCE RADIUS: 900","ancient_janggo","4","recipe","ring_of_regen","bracer","wind_lace"
"Satanic","Artifacts","5900","35","","Immense power at the cost of your soul.","Active: Unholy Rage - Increases Lifesteal percentage to 200% for 4.5 seconds.\nPassive: Lifesteal - Heals the attacker for a percentage of attack damage dealt.\n\nSatanic is a Unique Attack Modifier, and does not stack with other Unique Attack Modifier.","+ 20 Damage\n+ 25 Strength\n+ 5 Armor\nLIFESTEAL: 25%\nUNHOLY RAGE LIFESTEAL: 200%\nUNHOLY RAGE DURATION: 4.5","satanic","3","recipe","reaver","helm_of_the_dominator"
"Helm of Iron Will","Armaments","900","","","The helmet of a legendary warrior who fell in battle.","","+ 5 Armor\n+ 3 HP Regeneration","helm_of_iron_will","0",""
"Talisman of Evasion","Secret shop","1700","","","A necklace that allows you to anticipate enemy attacks.","Stacks diminishingly with other sources of Evasion.","+ 25% Evasion","talisman_of_evasion","0",""
"Bloodthorn","Weapons","7195","11","100","","Active: Silences a target for 5.0 seconds and amplifies the damage it takes by 30.0%. All attacks on the silenced target will have True Strike and land a crit on impact.\nPassive: Critical Strike - Grants each attack a chance to deal additional damage. Critical Strike does not work against buildings.","+ 25 Intelligence\n+ 30 Attack Speed\n+ 60 Damage\n+ 150% Mana Regeneration\nCRITICAL CHANCE: 20%\nCRITICAL DAMAGE: 175%\nSILENCE INCREASED DAMAGE: 30%\nSILENCE DURATION: 5\nSILENCE CRITICAL DAMAGE: 135%","bloodthorn","3","recipe","orchid","lesser_crit"
"Tome of Knowledge","Consumables","150","","","","Use: Grants you experience.","XP BONUS: 425","tome_of_knowledge","0",""
"Sentry Ward","Consumables","200","1","","A form of plant originally grown in the garden of a fearful king.","Use: Plants a Sentry Ward, an invisible watcher that grants True Sight, the ability to see invisible enemy units and wards, to any existing allied vision within its range. Lasts 4 minutes.\n\nHold Control to give one Sentry Ward to an allied hero.","TRUE SIGHT RANGE: 850\nDURATION (MINUTES): 4","ward_sentry","0",""
"Dragon Lance","Artifacts","1900","","","","Passive: Increases attack range of ranged heroes by 130.","+ 15 Agility\n+ 15 Strength\n+ 130 Attack Range (Ranged Only)","dragon_lance","3","ogre_axe","boots_of_elves","boots_of_elves"
"Magic Wand","Common","465","13","","A simple wand used to channel magic energies, it is favored by apprentice wizards and great warlocks alike.","Active: Energy Charge - Instantly restores health and mana based on the number of charges stored. Gains a charge (max 17) whenever a nearby visible enemy uses an ability.","+ 4 All Attributes\nHEALTH/MANA PER CHARGE: 15","magic_wand","4","circlet","branches","branches","magic_stick"
"Echo Sabre","Artifacts","2650","5","","","Passive: Causes melee attacks to attack twice in quick succession. The double attacks apply a 0.6 second 100% movement and attack speed slow on each strike.","+ 10 Intelligence\n+ 10 Strength\n+ 10 Attack Speed\n+ 15 Damage\n+ 75% Mana Regeneration\nMOVEMENT SLOW: 100%\nATTACK SLOW: 100\nSLOW DURATION: 0.6","echo_sabre","2","ogre_axe","oblivion_staff"
"Buckler","Support","800","25","10","A powerful shield that imbues the bearer with the strength of heroes past, it is capable of protecting entire armies in battle.","Active: Armor Bonus - Gives +2 armor to all allied units in a 900 radius.  Lasts 25 seconds on heroes, 30 seconds on units.","+ 5 Armor\n+ 2 All Attributes\nARMOR CAST RADIUS: 900","buckler","3","recipe","chainmail","branches"
"Wraith Band","Common","485","","","A circlet with faint whispers echoing about it.","","+ 3 Strength\n+ 6 Agility\n+ 3 Intelligence\n+ 3 Damage","wraith_band","3","recipe","circlet","slippers"
"Orb of Venom","Armaments","275","","","Envenoms your veapon with the venom of a venomous viper.","Passive: Poison Attack - Poisons the target, dealing damage over time and slowing movement based on whether the equipped hero is melee or ranged.","POISON DAMAGE PER SECOND: 3\nPOISON MELEE SLOW: 12%\nPOISON RANGED SLOW: 4%\nPOISON DURATION: 4","orb_of_venom","0",""
"Faerie Fire","Consumables","75","5","","","Use: Consume the Faerie Fire to instantly restore 75 HP","+ 2 Damage\nHEALTH RESTORED: 75","faerie_fire","0",""
"Hood of Defiance","Armor","1725","60","75","A furred, magic resistant headpiece that is feared by wizards.","Active: Creates a spell shield that absorbs up to 325 magical damage.","+ 8 HP Regeneration\n+ 30% Spell Resistance\nBARRIER BLOCK: 325\nBARRIER DURATION: 12.000000","hood_of_defiance","3","ring_of_health","cloak","ring_of_regen"
"Hurricane Pike","Armor","4375","14","25","","Active: When used on an enemy, it pushes you both away from each other 450 units each, and allows you to attack the target without range restrictions for 4 attacks for a maximum of 5.0 seconds. Works like Force Staff when used on self or allies.\nPassive: Increases attack range of ranged heroes by 130.","+ 10 Intelligence\n+ 4 HP Regeneration\n+ 20 Agility\n+ 15 Strength\n+ 130 Attack Range (Ranged Only)\nUNLIMITED RANGE DURATION: 5\nCAST RANGE ON ENEMY: 400\nUNLIMITED RANGE ATTACKS: 4","hurricane_pike","3","recipe","force_staff","dragon_lance"
"Solar Crest","Caster","2875","7","","A talisman forged to honor the daytime sky.","Active: Shine - Temporarily removes the armor and evasion from Solar Crest. When cast on an ally it grants them 10 armor and 25% evasion. When cast on an enemy, it removes 10 of their armor and blinds them, causing them to miss 25% of their attacks. Cannot target magic immune enemies. Armor reduction is halved against Roshan.","+ 10 Armor\n+ 75% Mana Regeneration\n+ 25% Evasion\nSHINE ALLY BONUS ARMOR: 10\nSHINE ALLY EVASION: 25%\nSHINE ENEMY ARMOR LOSS: 10\nSHINE ENEMY MISS CHANCE: 25%\nSHINE DURATION: 7\nSHINE CAST RANGE: 1000","solar_crest","2","medallion_of_courage","talisman_of_evasion"
"Healing Salve","Consumables","110","","","A magical salve that can quickly mend even the deepest of wounds.","Use: Restores health to the target unit over time.  If the unit is attacked, the effect is lost.","DURATION: 8\nHEALTH RESTORED: 400","flask","0",""
"Sange","Artifacts","2050","","","Sange is an unusually accurate weapon, seeking weak points automatically.","Passive: Lesser Maim - Each attack has a chance to slow the enemy's movement and attack speed for 4.0 seconds.","+ 10 Damage\n+ 16 Strength\nMAIM CHANCE: 20%\nMOVEMENT SLOW MELEE: 20%\nATTACK SLOW MELEE: 20\nMOVEMENT SLOW RANGED: 10%\nATTACK SLOW RANGED: 10\nMAIM DURATION: 4","sange","3","recipe","ogre_axe","belt_of_strength"
"Maelstrom","Artifacts","2800","","","A hammer forged for the gods themselves, Maelstrom allows its user to harness the power of lightning.","Passive: Chain Lightning - Grants a chance on attack to release a bolt of electricity that leaps between 4 targets, dealing 120 magical damage to each.\n\nMaelstrom is a Unique Attack Modifier that stacks with other Unique Attack Modifiers, but overrides them when Chain Lightning occurs.","+ 24 Damage\n+ 25 Attack Speed\nCHAIN CHANCE: 25%\nCHAIN DAMAGE: 120\nCHAIN TARGETS: 4\nCHAIN LEAP RADIUS: 900","maelstrom","3","recipe","mithril_hammer","gloves"
"Power Treads","Common","1350","","","A pair of tough-skinned boots that change to meet the demands of the wearer.","Active: Switch Attribute - Changes selected attribute between Strength, Agility and Intelligence.\n\nPower Treads can be built using a Belt of Strength, Band of Elvenskin, or a Robe of the Magi.  Flat movement speed bonuses from multiple pairs of boots do not stack, nor does the attack speed bonus from multiple Power Treads.","+ 45 Movement Speed\n+ 9 Selected Attribute\n+ 25 Attack Speed","power_treads","3","boots","gloves","belt_of_strength"
"Mantle of Intelligence","Attributes","150","","","A beautiful sapphire mantle worn by generations of queens.","","+ 3 Intelligence","mantle","0",""
"Blink Dagger","Arcane","2250","12","","The fabled dagger used by the fastest assassin ever to walk the lands.","Active: Blink - Teleport to a target point up to 1200 units away.  If damage is taken, Blink Dagger cannot be used for 3.0 seconds.","","blink","0",""
"Vladmir's Offering","Support","2275","","","An eerie mask that is haunted with the malice of a fallen vampire.","Passive: Vladmir's Aura - Grants lifesteal, health regeneration, mana regeneration, bonus attack damage, and armor to allies in a 900 radius.  The lifesteal percentage is based on whether the hero affected by the aura is melee or ranged.\n\nMultiple instances of Vladmir's Aura do not stack.","+ 2 All Attributes\nAURA HEALTH REGEN: 3\nAURA MANA REGEN: 0.8\nAURA BONUS ARMOR: 4\nAURA BONUS ATTACK DAMAGE: 15%\nAURA MELEE LIFESTEAL: 15%\nAURA RANGED LIFESTEAL: 10%\nAURA RADIUS: 900","vladmir","4","recipe","headdress","ring_of_basilius","lifesteal"
"Javelin","Armaments","1500","","","A rather typical spear that can sometimes pierce through an enemy's armor when used to attack.","Passive: Pierce - Grants each attack a chance to deal bonus damage.","+ 10 Damage\nCHANCE TO PIERCE: 25%\nPIERCE DAMAGE: 85","javelin","0",""
"Octarine Core","Caster","5900","","","At the core of spellcraft are spectrums only the very gifted can sense.","Passive: Cooldown Reduction - Reduces the cooldown time of all spells and items by 25%.\nPassive: Spell Lifesteal - A percentage of damage caused by spells is returned to the caster as health.","+ 25 Intelligence\n+ 425 Health\n+ 425 Mana\n+ 50% Mana Regeneration\nCOOLDOWN REDUCTION: 25%\nHERO SPELL LIFESTEAL: 25%\nCREEP SPELL LIFESTEAL: 5%","octarine_core","2","mystic_staff","soul_booster"
"Clarity","Consumables","50","","","Clear water that enhances the ability to meditate.","Use: Restores mana to the target unit over time.  If the unit is attacked, the effect is lost.","TOTAL MANA RESTORED: 190\nDURATION: 50","clarity","0",""
"Bracer","Common","525","","","The bracer is a common choice to toughen up defenses and increase longevity.","","+ 6 Strength\n+ 3 Agility\n+ 3 Intelligence\n+ 3 Damage","bracer","3","recipe","circlet","gauntlets"
"Smoke of Deceit","Consumables","50","","","","Use: Upon activation, the user and all nearby allied player-controlled units gain invisibility and bonus movement speed for a brief time.  Minimap icons will also be hidden.  Attacking, or moving within 1025 range of an enemy hero or tower, will break the invisibility.","BONUS SPEED: 15%\nDURATION: 35","smoke_of_deceit","0",""
"Morbid Mask","Arcane","900","","","A mask that drains the energy of those caught in its gaze.","Passive: Lifesteal - Heals the attacker for a percentage of attack damage dealt.\n\nMorbid Mask is a Unique Attack Modifier, and does not stack with other Unique Attack Modifiers.","LIFESTEAL: 15%","lifesteal","0",""
"Shadow Blade","Weapons","2700","28","75","The blade of a fallen king, it allows you to move unseen and strike from the shadows.","Active: Shadow Walk - Makes you invisible until the duration ends, or until you attack or cast a spell.  While Shadow Walk is active, you move 20% faster and can move through units.  If attacking to end the invisibility, you gain 175 bonus damage on that attack.  Lasts 14.0 seconds.","+ 22 Damage\n+ 30 Attack Speed\nSHADOW WALK DURATION: 14\nSHADOW WALK DAMAGE: 175","invis_sword","2","shadow_amulet","claymore"
"Mask of Madness","Artifacts","1800","25","25","Once this mask is worn, its bearer becomes an uncontrollable aggressive force.","Active: Berserk - Gives 100 attack speed and 17% movement speed, but causes you to take extra 25% damage.  Lasts 12.0 seconds.\nPassive: Lifesteal - Heals the attacker for a percentage of attack damage dealt.\n\nMask of Madness is a Unique Attack Modifier, and does not stack with other Unique Attack Modifiers.","LIFESTEAL: 20%\nBERSERK ATTACK SPEED: 100\nBERSERK MOVE SPEED: 17%\nBERSERK ADDED DAMAGE TAKEN: 25%\nBERSERK DURATION: 12","mask_of_madness","2","recipe","lifesteal"
"Quelling Blade","Armaments","200","4","","The axe of a fallen gnome, it allows you to effectively maneuver the forest.","Active: Chop Tree/Ward - Destroy a target tree or ward. Chop cast range is increased when targetting wards.\nPassive: Quell - Increases attack damage against non-hero units, based on whether the equipped hero is ranged or melee. Does not provide bonus damage against Roshan.","QUELL MELEE DAMAGE: 140%\nQUELL RANGED DAMAGE: 115%\nCHOP TREE CAST RANGE: 350\nCHOP WARD CAST RANGE: 450","quelling_blade","0",""
"Tango","Consumables","125","","","Forage to survive on the battlefield.","Use: Eat a Tree or Ward - Consume a target tree or ward to gradually restore health.\n\nComes with 4 charges.  Can be used on an allied hero to give them one Tango.","EAT TREE HEALTH RESTORED: 115\nEAT WARD HEALTH RESTORED: 230\nEAT WARD CAST RANGE: 450\nHEAL DURATION: 16","tango","0",""
"Perseverance","Common","1700","","","A gem that grants heart to the bearer.","","+ 6 HP Regeneration\n+ 125% Mana Regeneration\n+ 10 Damage","pers","2","ring_of_health","void_stone"
"Soul Booster","Armor","3200","","","Regain lost courage.","","+ 425 Health\n+ 425 Mana\n+ 50% Mana Regeneration","soul_booster","3","vitality_booster","energy_booster","point_booster"
"Soul Ring","Common","775","30","","A ring that feeds on the souls of those who wear it.","Active: Sacrifice - Consume 150 health to temporarily gain 150 mana.  Lasts 10 seconds.","+ 3 HP Regeneration\n+ 50% Mana Regeneration\nSACRIFICE DURATION: 10","soul_ring","3","recipe","ring_of_regen","sobi_mask"
"Sacred Relic","Secret shop","3800","","","An ancient weapon that often turns the tides of war.","","+ 60 Damage","relic","0",""
"Animal Courier","Consumables","100","","","Losing the courier is punishable by death.","Use: Deploy Courier - Deploys a creature to carry items to and from your team's base.","","courier","0",""
"Flying Courier","Consumables","150","","","","Upgrades your team's Animal Courier to a Flying Courier, granting it swift, unobstructed movement to carry items to and from your team's base.\n\nRequires a deployed Animal Courier.","","flying_courier","0",""
"Mystic Staff","Secret shop","2700","","","Enigmatic staff made of only the most expensive crystals.","","+ 25 Intelligence","mystic_staff","0",""
"Refresher Orb","Caster","5200","195","375","A powerful artifact created for wizards.","Active: Reset Cooldowns - Resets the cooldowns of all your items and abilities.","+ 12 HP Regeneration\n+ 250% Mana Regeneration\n+ 20 Damage","refresher","3","recipe","pers","pers"
"Chainmail","Armaments","550","","","A medium weave of metal chains.","","+ 5 Armor","chainmail","0",""
"Heaven's Halberd","Artifacts","3750","30","100","This halberd moves with the speed of a smaller weapon, allowing the bearer to win duels that a heavy edge would not.","Active: Disarm - Prevents a target from attacking. Lasts 3.0 seconds on melee targets, and 5.5 seconds on ranged targets.\nPassive: Lesser Maim - Each attack has a chance to slow the enemy's movement and attack speed for 4.0 seconds.\n\nStacks diminishingly with other sources of Evasion.","+ 25% Evasion\n+ 25 Damage\n+ 20 Strength\nMAIM CHANCE: 20%\nMOVEMENT SLOW MELEE: 20%\nATTACK SLOW MELEE: 20\nMOVEMENT SLOW RANGED: 10%\nATTACK SLOW RANGED: 10\nMAIM DURATION: 4\nDISARM RANGED DURATION: 5.5\nDISARM MELEE DURATION: 3\nDISARM CAST RANGE: 600","heavens_halberd","2","sange","talisman_of_evasion"
"Hand of Midas","Common","2050","100","","Preserved through unknown magical means, the Hand of Midas is a weapon of greed, sacrificing animals to line the owner's pockets.","Active: Transmute - Kills a non-hero target for 190 gold and 2.5x experience.  Cannot be used on Ancient Creeps.","+ 30 Attack Speed\nTRANSMUTE CAST RANGE: 600","hand_of_midas","2","recipe","gloves"
"Sange and Yasha","Artifacts","4100","","","Sange and Yasha, when attuned by the moonlight and used together, become a very powerful combination.","Passive: Greater Maim - Each attack has a chance to slow the enemy's movement and attack speed for 5.0 seconds.\n\nYasha-based movement speed bonuses from multiple items do not stack.","+ 16 Damage\n+ 16 Strength\n+ 16 Agility\n+ 16 Attack Speed\n+ 16% Movement Speed\nMAIM CHANCE: 30%\nMOVEMENT SLOW MELEE: 26%\nATTACK SLOW MELEE: 26\nMOVEMENT SLOW RANGED: 13%\nATTACK SLOW RANGED: 13\nMAIM DURATION: 5","sange_and_yasha","2","yasha","sange"
"Shiva's Guard","Armor","4700","30","100","Said to have belonged to a goddess, today it retains much of its former power.","Active: Arctic Blast - Emits a freezing wave that deals 200 magical damage to enemies and slows their movement by -40% for 4.0 seconds.\nPassive: Freezing Aura - Reduces the attack speed of all enemies in a 900 radius.\n\nMultiple instances of Freezing Aura do not stack.","+ 30 Intelligence\n+ 15 Armor\nAURA ATTACK SLOW: 45\nBLAST DAMAGE: 200\nBLAST MOVEMENT SLOW: 40%\nBLAST SLOW DURATION: 4\nBLAST RADIUS: 900","shivas_guard","3","recipe","platemail","mystic_staff"
"Belt of Strength","Attributes","450","","","A valued accessory for improving vitality.","","+ 6 Strength","belt_of_strength","0",""
"Crimson Guard","Armor","3550","50","","A cuirass originally built to protect against the dreaded Year Beast.","Active: Guard - Grant nearby allied heroes a 100% chance to block 55 damage from each incoming attack, along with 2 armor. Lasts 10 seconds.\nPassive: Damage Block - Makes the wielder block damage from each incoming attack based on whether the equipped hero is melee or ranged.","+ 250 Health\n+ 8 HP Regeneration\n+ 2 All Attributes\n+ 5 Armor\nBLOCK DAMAGE MELEE: 32\nBLOCK DAMAGE RANGED: 16\nGUARD ARMOR: 2\nGUARD DURATION: 10\nGUARD RADIUS: 900\nGUARD DAMAGE BLOCK : 55","crimson_guard","3","recipe","vanguard","buckler"
"Veil of Discord","Caster","2240","20","50","The headwear of corrupt magi.","Active: Magic Weakness - Emits a weakening blast that increases the magic damage enemies take. Lasts 16.0 seconds.","+ 6 HP Regeneration\n+ 6 Armor\n+ 6 Agility\n+ 6 Strength\n+ 6 Damage\n+ 12 Intelligence\nINCREASED MAGIC DAMAGE: 25%\nMAGIC WEAKNESS RADIUS: 600\nMAGIC WEAKNESS DURATION: 16","veil_of_discord","4","recipe","helm_of_iron_will","null_talisman","null_talisman"
"Robe of the Magi","Attributes","450","","","This robe corrupts the soul of the user, but provides wisdom in return.","","+ 6 Intelligence","robe","0",""
"Guardian Greaves","Support","5275","40","","One of many holy instruments constructed to honor the Omniscience.","Active: Mend - Restores 250 health and 160 mana to nearby allies, and removes most negative buffs from the caster.\nPassive: Guardian Aura - Provides nearby allies with 4 health regeneration and 2 bonus armor. If an allied hero's health falls below 20%, they receive 15 health regeneration and 15 armor.","+ 55 Movement Speed\n+ 250 Mana\n+ 5 All Attributes\n+ 5 Armor\nAURA HEALTH REGEN: 4\nAURA ARMOR: 2\nAURA BOOST HEALTH REGEN: 15\nAURA BOOST ARMOR: 15\nAURA BOOST THRESHOLD: 20%\nMEND HEAL: 250\nMEND MANA RESTORE: 160\nAURA/MEND RADIUS: 900","guardian_greaves","3","recipe","mekansm","arcane_boots"
"Ethereal Blade","Weapons","4700","20","100","A flickering blade of a ghastly nature, it is capable of dealing damage in both magical and physical planes.","Active: Ether Blast - Launches a projectile which converts the target to ethereal form, increasing any incoming magic damage they take, while rendering them immune to physical damage and unable to attack.  Can be cast on self.  If the target is an enemy, it is also slowed, and takes 2.0x your primary attribute + 75 as magical damage.\nUsing a Town Portal Scroll or Boots of Travel will not dispel Ethereal Form.","+ 40 Agility\n+ 10 Strength\n+ 10 Intelligence\nBLAST ENEMY MOVE SLOW: 80%\nBLAST ENEMY DURATION: 3\nBLAST ALLY/SELF DURATION: 4\nINCREASED MAGIC DAMAGE: 40%","ethereal_blade","2","eagle","ghost"
"Poor Man's Shield","Common","500","","","A busted old shield that seems to block more than it should.","Passive: Damage Block - Blocks physical attack damage based on whether the equipped hero is ranged or melee.  Poor Man's Shield will always block attacks from enemy Heroes, but has a 53% chance to block damage from creeps.","+ 6 Agility\nMELEE DAMAGE BLOCK: 20\nRANGED DAMAGE BLOCK: 10\nCREEP BLOCK CHANCE: 53%","poor_mans_shield","3","slippers","slippers","stout_shield"
"Vanguard","Armor","2150","","","A powerful shield that defends its wielder from even the most vicious of attacks.","Passive: Damage Block - Makes the wielder block damage from each incoming attack based on whether the equipped hero is melee or ranged.","+ 250 Health\n+ 8 HP Regeneration\nBLOCK DAMAGE MELEE: 32\nBLOCK DAMAGE RANGED: 16","vanguard","3","ring_of_health","vitality_booster","stout_shield"
"Ring of Basilius","Support","500","","","Ring given as a reward to the greatest mages.","Passive: Basilius Aura - Grants mana regeneration and armor in a 900 area of effect.\nActive: Toggle whether the aura affects other non-hero units.\n\nMultiple instances of Basilius Aura do not stack.","+ 7 Damage\nAURA MANA REGEN: 0.65\nAURA BONUS ARMOR: 2","ring_of_basilius","2","sobi_mask","ring_of_protection"
"Skull Basher","Weapons","2700","2","","A feared weapon in the right hands, this maul's ability to shatter the defenses of its opponents should not be underestimated.","Passive: Bash - Grants each attack a chance to stun the target for 1.4 seconds and deal 85 bonus damage, based on whether the equipped hero is ranged or melee.","+ 10 Damage\n+ 10 Strength\nBASH MELEE CHANCE: 25%\nBASH RANGED CHANCE: 10%\nBASH STUN DURATION: 1.4\nBASH BONUS DAMAGE: 85","basher","3","recipe","belt_of_strength","javelin"
"Slippers of Agility","Attributes","150","","","Light boots made from spider skin that tingles your senses.","","+ 3 Agility","slippers","0",""
"Heart of Tarrasque","Armor","5500","7","","Preserved heart of an extinct monster, it bolsters the bearer's fortitude.","Passive: Health Regeneration - Restores a percentage of max health per second. If damage is taken from an enemy hero or Roshan, this ability is disabled for 5 seconds for melee heroes, or 7 seconds for ranged heroes.","+ 45 Strength\n+ 250 Health\nHEALTH RESTORED PER SECOND: 4.75%","heart","3","recipe","reaver","vitality_booster"
"Radiance","Weapons","5150","","","A divine weapon that causes damage and a bright burning effect that lays waste to nearby enemies.","Active: Toggle Burn - When active, scorches nearby enemies for 50 damage per second and blinds them, causing them to miss 17% of their attacks.","+ 65 Damage\nBURN DAMAGE PER SECOND: 50\nBURN MISS CHANCE: 17%\nBURN RADIUS: 700","radiance","2","recipe","relic"
"Scythe of Vyse","Caster","5650","25","100","The most guarded relic among the cult of Vyse, it is the most coveted weapon among magi.","Active: Hex - Turns a target unit into a harmless critter for 3.5 seconds. Instantly destroys illusions.","+ 10 Strength\n+ 10 Agility\n+ 35 Intelligence\n+ 150% Mana Regeneration\nHEX DURATION: 3.5","sheepstick","3","mystic_staff","ultimate_orb","void_stone"
"Ultimate Orb","Secret shop","2100","","","A mystical orb containing the essence of life.","","+ 10 All Attributes","ultimate_orb","0",""
"Glimmer Cape","Caster","1850","16","90","The stolen cape of a master illusionist.","Active: Glimmer - After a 0.6 second delay, grants invisibility and 45% magic resistance to you or a target allied unit. Can be cast while channelling.","+ 20 Attack Speed\n+ 15% Spell Resistance\nGLIMMER FADE TIME: 0.6\nGLIMMER MAGIC RESISTANCE: 45%\nGLIMMER DURATION: 5","glimmer_cape","2","shadow_amulet","cloak"
"Linken's Sphere","Armor","4800","13","","This magical sphere once protected one of the most famous heroes in history.","Passive: Spellblock - Blocks most targeted spells once every 13.0 seconds.\nActive: Transfer Spellblock - Temporarily removes Spellblock from the item's owner and transfers it to an allied unit.","+ 15 All Attributes\n+ 6 HP Regeneration\n+ 150% Mana Regeneration\n+ 15 Damage","sphere","3","recipe","ultimate_orb","pers"
"Void Stone","Arcane","850","","","Jewelry that was once used to channel nether realm magic, this ring pulses with energy.","","+ 100% Mana Regeneration","void_stone","0",""
"Shadow Amulet","Arcane","1300","10","","","Active: Fade - Grants invisibility to you or a target allied hero after a 1.5 second fade time. Moving breaks the invisibility. There is no cooldown when using this item on yourself.","+ 20 Attack Speed\nFADE TIME: 1.5","shadow_amulet","0",""
"Silver Edge","Weapons","5100","24","75","Once used to slay an unjust king, only to have the kingdom erupt into civil war in the aftermath.","Active: Shadow Walk - Makes you invisible until the duration ends, or until you attack or cast a spell.  While invisible, you move 20% faster and can move through units.  Attacking to end the invisibility will deal 225 bonus damage to the target, disable their passive abilities, and reduce their damage output.","+ 30 Damage\n+ 30 Attack Speed\n+ 15 All Attributes\nSHADOW WALK DURATION: 14\nBONUS ATTACK DAMAGE: 225\nENEMY DAMAGE REDUCTION: 50%\nREDUCTION DURATION: 5","silver_edge","3","recipe","invis_sword","ultimate_orb"
"Sage's Mask","Arcane","325","","","A mask commonly used by mages and warlocks for various rituals.","","+ 50% Mana Regeneration","sobi_mask","0",""
"Lotus Orb","Armor","4000","15","75","The jewel at its center still reflects a pale image of its creator.","Active: Echo Shell - Applies a shield to the target unit which re-casts most targeted spells back to their caster. The shielded unit will still take damage from the spell. Dispels negative buffs when applied.","+ 10 Damage\n+ 10 Armor\n+ 6 HP Regeneration\n+ 125% Mana Regeneration\n+ 250 Mana\nECHO DURATION: 6\nECHO CAST RANGE: 900","lotus_orb","3","pers","platemail","energy_booster"
"Hyperstone","Secret shop","2000","","","A mystical, carved stone that boosts the fervor of the holder.","","+ 55 Attack Speed","hyperstone","0",""
"Blight Stone","Armaments","300","","","","Passive: Your attacks reduce target's armor for 8.0 seconds.\n\nBlight Stone is a Unique Attack Modifier, and does not stack with other Unique Attack Modifiers.","ARMOR REDUCTION: 2\nDURATION: 8","blight_stone","0",""
"Aether Lens","Caster","2300","","","","Passive: Increases spell cast range by 200 and spell damage output by 5%","+ 250 Mana\n+ 8 HP Regeneration\n+ 200 Cast Range\nSPELL DAMAGE AMP: 5%","aether_lens","3","recipe","energy_booster","ring_of_health"
"Dagon","Caster","2720","35","180","A lesser wand that grows in power the longer it is used, it brings magic to the fingertips of the user.","Active: Energy Burst - Emits a powerful burst of magical damage upon a targeted enemy unit. Upgradable.","+ 13/16/19/22/25 Intelligence\n+ 3 All Attributes\n+ 9 Damage\nBURST DAMAGE: 400/500/600/700/800\nCAST RANGE: 600/650/700/750/800","dagon","3","recipe","staff_of_wizardry","null_talisman"
"Arcane Boots","Support","1300","55","","Magi equipped with these boots are valued in battle.","Active: Replenish Mana - Restores mana to all allies in a 900 area around the hero.\n\nFlat movement speed bonuses from multiple pairs of boots do not stack.","+ 50 Movement Speed\n+ 250 Mana\nREPLENISH MANA RESTORE: 135\nREPLENISH CAST RADIUS: 900","arcane_boots","2","boots","energy_booster"
"Yasha","Artifacts","2050","","","Yasha is regarded as the swiftest weapon ever created.","Yasha-based movement speed bonuses from multiple items do not stack.","+ 16 Agility\n+ 15 Attack Speed\n+ 8% Movement Speed","yasha","3","recipe","blade_of_alacrity","boots_of_elves"
"Aghanim's Scepter","Caster","4200","","","The scepter of a wizard with demigod-like powers.","Passive: Ultimate Upgrade - Upgrades the ultimate, and some abilities, of certain heroes.","+ 10 All Attributes\n+ 175 Health\n+ 175 Mana","ultimate_scepter","4","point_booster","staff_of_wizardry","ogre_axe","blade_of_alacrity"
"Force Staff","Caster","2225","20","25","Allows you to manipulate others, for good or evil.","Active: Force - Pushes any target unit 600 units in the direction it is facing.  Double click to instantly cast Force on yourself.","+ 10 Intelligence\n+ 4 HP Regeneration","force_staff","3","recipe","staff_of_wizardry","ring_of_regen"
"Bloodstone","Armor","4875","300","","The Bloodstone's bright ruby color is unmistakable on the battlefield, as the owner seems to have infinite vitality and spirit.","Active: Pocket Deny - Instantly causes you to die.\nPassive: Bloodpact - Begins with 12 charges, and gains a charge each time an enemy hero dies within 1675 range. Each charge grants 1 mana regeneration per second, and reduces respawn time by 3 seconds. If the bearer dies, 500 + 30 health per charge is restored to all allies within a 1675 radius, while the Bloodstone loses a third of its charges.","+ 475 Health\n+ 425 Mana\n+ 9 HP Regeneration\n+ 200% Mana Regeneration","bloodstone","3","recipe","soul_ring","soul_booster"
"Rod of Atos","Caster","3100","12","50","Atos, the Lord of Blight, has his essence stored in this deceptively simple wand.","Active: Cripple - Slows the target's movement speed.","+ 30 Intelligence\n+ 350 Health\nCRIPPLE MOVE SLOW: 60%\nCRIPPLE DURATION: 4","rod_of_atos","3","vitality_booster","staff_of_wizardry","staff_of_wizardry"
"Crystalys","Weapons","2120","","","A blade forged from rare crystals, it seeks weak points in enemy armor.","Passive: Critical Strike - Grants each attack a chance to deal additional damage. Critical Strike does not work against buildings.","+ 30 Damage\nCRITICAL CHANCE: 20%\nCRITICAL DAMAGE: 175%","lesser_crit","3","recipe","broadsword","blades_of_attack"
"Band of Elvenskin","Attributes","450","","","A tensile fabric often used for its light weight and ease of movement.","","+ 6 Agility","boots_of_elves","0",""
"Butterfly","Weapons","5775","25","","Only the mightiest and most experienced of warriors can wield the Butterfly, but it provides incredible dexterity in combat.","Active: Flutter - Trade evasion for 35% additional movement speed for 4.0 seconds.\n\nStacks diminishingly with other sources of Evasion.","+ 30 Agility\n+ 30 Damage\n+ 35% Evasion\n+ 30 Attack Speed\nFLUTTER BONUS MOVE SPEED: 35%\nFLUTTER DURATION: 4","butterfly","3","eagle","talisman_of_evasion","quarterstaff"
"Ring of Health","Arcane","850","","","A shiny ring found beneath a fat halfling's corpse.","","+ 6 HP Regeneration","ring_of_health","0",""
"Circlet","Attributes","165","","","An elegant circlet designed for human princesses.","","+ 2 All Attributes","circlet","0",""
"Assault Cuirass","Armor","5250","","","Forged in the depths of the nether reaches, this hellish mail provides an army with increased armor and attack speed.","Passive: Assault Aura - Grants attack speed and armor to nearby allied units and structures, and decreases the armor of nearby enemies.\n\nMultiple instances of Assault Aura do not stack.","+ 35 Attack Speed\n+ 10 Armor\nAURA ATTACK SPEED: 20\nAURA ALLY BONUS ARMOR: 5\nAURA ENEMY ARMOR REDUCTION: 5","assault","4","recipe","platemail","hyperstone","chainmail"
"Null Talisman","Common","470","","","A small gemstone attached to several chains.","","+ 3 Strength\n+ 3 Agility\n+ 6 Intelligence\n+ 3 Damage","null_talisman","3","recipe","circlet","mantle"
"Dust of Appearance","Consumables","180","30","5","","Use: Reveals and slows invisible Heroes in a nearby area.","DURATION: 12\nRADIUS: 1050\nSLOW: 20%","dust","0",""
"Headdress","Support","575","","","Creates a soothing aura that restores allies in battle.","Passive: Regeneration Aura - Restores health to allies in a 900 unit radius.\n\nMultiple instances of Regeneration Aura do not stack.","+ 2 All Attributes\nAURA HEALTH REGEN: 3\nAURA REGEN RADIUS: 900","headdress","3","recipe","ring_of_regen","branches"
"Ghost Scepter","Arcane","1500","25","","Imbues the wielder with a ghostly presence, allowing them to evade physical damage.","Active: Ghost Form - Enter ghost form, becoming immune to physical damage, yet unable to attack and taking 40% extra magic damage.\nUsing a Town Portal Scroll or Boots of Travel  will not dispel Ghost Form.","+ 5 All Attributes\nGHOST DURATION: 4\nGHOST ADDED MAGIC DAMAGE: 40%","ghost","0",""
"Abyssal Blade","Weapons","6400","35","75","The lost blade of the Commander of the Abyss, this edge cuts into an enemy's soul.","Active: Overwhelm - Stuns a target enemy unit for 2.0 seconds. Pierces Spell Immunity.\nPassive: Bash - Grants each attack a chance to stun the target for 1.4 seconds and deal 85 bonus damage, based on whether the equipped hero is ranged or melee.\nPassive: Damage Block - Makes the wielder block damage from each incoming attack based on whether the equipped hero is melee or ranged.","+ 250 Health\n+ 15 HP Regeneration\nBLOCK DAMAGE MELEE: 40\nBLOCK DAMAGE RANGED: 20\n+ 10 Damage\n+ 10 Strength\nBASH MELEE CHANCE: 25%\nBASH RANGED CHANCE: 10%\nBASH STUN DURATION: 1.4\nBASH BONUS DAMAGE: 85\nOVERWHELM STUN DURATION: 2","abyssal_blade","3","recipe","basher","vanguard"
"Staff of Wizardry","Attributes","1000","","","A staff of magical powers passed down from the eldest mages.","","+ 10 Intelligence","staff_of_wizardry","0",""
"Mjollnir","Artifacts","5700","35","50","Thor's magical hammer, made for him by the dwarves Brok and Eitri.","Active: Static Charge - Places a charged shield on a target unit which has a 20% chance to release a shocking bolt at a nearby attacker and 4 additional enemies.\nPassive: Chain Lightning - Grants a chance on attack to release a bolt of electricity that leaps between 12 targets, dealing 150 magical damage to each.\n\nMjollnir is a Unique Attack Modifier that stacks with other Unique Attack Modifiers, but overrides them when Chain Lightning occurs.","+ 24 Damage\n+ 80 Attack Speed\nSTATIC DURATION: 15\nSTATIC CHANCE: 20%\nSTATIC DAMAGE: 200\nSTATIC RELEASE RADIUS: 900\nCHAIN CHANCE: 25%\nCHAIN DAMAGE: 150\nCHAIN TARGETS: 12\nCHAIN LEAP RADIUS: 900","mjollnir","3","recipe","maelstrom","hyperstone"
"Iron Branch","Attributes","50","","","A seemingly ordinary branch, its ironlike qualities are bestowed upon the bearer.","Active: Targets the ground to plant a happy little tree that lasts for 20 seconds.","+ 1 All Attributes\nTREE DURATION: 20","branches","0",""
"Armlet of Mordiggian","Weapons","2320","","","Weapon of choice among brutes, the bearer sacrifices his life energy to gain immense strength and power.","Active: Toggle Unholy Strength - When active, Unholy Strength grants +31 damage and +25 strength, but drains 45 health per second.  You cannot die from the health drain when Unholy Strength is activated, nor from the strength loss when Unholy Strength is deactivated.","+ 9 Damage\n+ 25 Attack Speed\n+ 5 Armor\n+ 7 HP Regeneration","armlet","4","recipe","helm_of_iron_will","gloves","blades_of_attack"
"Infused Raindrop","Armaments","225","4","","","Passive: Consumes a charge to block 120 magic damage from damage instances over 50 damage. Comes with 5 charges. When the charges are gone, the item disappear.","MANA REGEN: 0.85\nMAGIC DAMAGE BLOCK: 120\nINITIAL CHARGES: 5","infused_raindrop","0",""
"Energy Booster","Secret shop","900","","","This lapis gemstone is commonly added to the collection of wizards seeking to improve their presence in combat.","","+ 250 Mana","energy_booster","0",""
"Diffusal Blade","Artifacts","3150","2","","An enchanted blade that allows the user to cut straight into the enemy's soul.","Active: Purge - If cast on an enemy, removes buffs from the target and slows it for 4.0 seconds. If cast on an ally, Purge removes most debuffs.\nPassive: Manabreak - Each attack burns 40 mana from the target, and deals the same amount in physical damage. Burns 20 mana per attack from melee illusions and 10 mana per attack from ranged illusions. Does not stack with other manabreak abilities.\n\nUpgradable.","+ 25/35 Agility\n+ 10/15 Intelligence\nPURGE SLOW DURATION: 4\nPURGE CAST RANGE: 600","diffusal_blade","4","recipe","blade_of_alacrity","blade_of_alacrity","robe"
"Pipe of Insight","Support","3100","60","100","A powerful artifact of mysterious origin, it creates barriers against magical forces.","Active: Barrier - Gives a shield that blocks 400 spell damage to all allies in a 900 radius.\nPassive: Insight Aura - Gives allied units 4 health regeneration and 10% magic resistance in a 900 radius.","+ 8 HP Regeneration\n+ 30% Spell Resistance\nAURA HEALTH REGEN: 4\nAURA MAGIC RESISTANCE: 10%\nAURA RADIUS: 900\nBARRIER SPELL BLOCK: 400\nBARRIER DURATION: 12.000000\nBARRIER CAST RADIUS: 900","pipe","3","recipe","hood_of_defiance","headdress"
"Phase Boots","Common","1240","8","","Boots that allow the wearer to travel between the ether.","Active: Phase - Gives increased movement speed and lets you move through units.  The increased movement speed is based on whether the equipped hero is melee or ranged.\n\nFlat movement speed bonuses from multiple pairs of boots do not stack.","+ 45 Movement Speed\n+ 24 Damage\nPHASE MOVE BOOST MELEE: 24%\nPHASE MOVE BOOST RANGED: 20%\nPHASE DURATION: 2.5","phase_boots","3","boots","blades_of_attack","blades_of_attack"
"Black King Bar","Armor","3975","80","","A powerful staff imbued with the strength of giants.","Active: Avatar - Grants Spell Immunity and 100% Magic Damage Resistance.  Duration and cooldown decrease with each use.  Some abilities are able to disable through Avatar.","+ 10 Strength\n+ 24 Damage\nAVATAR DURATION: 10/9/8/7/6/5","black_king_bar","3","recipe","ogre_axe","mithril_hammer"
"Bottle","Consumables","660","","","An old bottle that survived the ages, the contents placed inside become enchanted.","Use: Regenerate - Consumes a charge to restore Health and Mana over time. Healing stops if attacked.  Bottle can be refilled at your team's fountain.  Runes can be stored in the Bottle for later use, and are activated automatically after 2 minutes.  If Bottle does not have full charges and is placed on a courier, the courier will move 30% slower.\n\nHold Control to use Regenerate on an allied hero.  Stored runes cannot be shared.","HEALTH RESTORED: 90\nMANA RESTORED: 60\nDURATION: 2.5","bottle","0",""
"Blade of Alacrity","Attributes","1000","","","A long blade imbued with time magic.","","+ 10 Agility","blade_of_alacrity","0",""
"Gauntlets of Strength","Attributes","150","","","Studded leather gloves that add brute strength.","","+ 3 Strength","gauntlets","0",""
"Mekansm","Support","2275","65","225","A glowing jewel formed out of assorted parts that somehow fit together perfectly.","Active: Restore - Heals 250 health and gives +2 armor to allied units in a 900 radius.\nPassive: Mekansm Aura - Grants 4 health regeneration to allied units in a 900 radius.\n\nMultiple instances of Mekansm Aura do not stack.","+ 5 All Attributes\n+ 5 Armor\nAURA HEALTH REGEN: 4\nRESTORE HEAL: 250\nRESTORE ARMOR: 2\nRESTORE ARMOR DURATION: 25\nAURA/RESTORE RADIUS: 900","mekansm","3","recipe","headdress","buckler"
